email;componente_registrador
achang@example.org;principal
nhoward@example.net;principal
vanessa89@example.org;principal
corey15@example.com;principal
tammywoods@example.net;principal
bryan80@example.org;principal
ypage@example.net;principal
salazarmaria@example.com;principal
jessicapadilla@example.org;principal
sallywalker@example.org;principal
udavis@example.net;principal
jrodriguez@example.com;principal
tamaramorrison@example.net;principal
sean96@example.com;principal
kellylopez@example.org;principal
salazardiane@example.com;principal
daviskatherine@example.org;principal
hmassey@example.com;principal
melissajacobson@example.net;principal
criley@example.com;principal
christopher91@example.com;principal
megan30@example.net;principal
dave35@example.org;principal
ronald01@example.org;principal
brandonberry@example.net;principal
johnsoncynthia@example.net;principal
myersmitchell@example.org;principal
jacobsjames@example.org;principal
mendozajessica@example.org;principal
stephenschristine@example.com;principal
walkerdeborah@example.com;principal
gwhite@example.com;principal
carlsonholly@example.com;principal
jorgestrong@example.com;principal
heidiharris@example.org;principal
meganpeterson@example.com;principal
carlsonscott@example.org;principal
deborah64@example.org;principal
ellischristian@example.net;principal
stephensdennis@example.com;principal
chelsea59@example.net;principal
jenniferhughes@example.com;principal
smithjames@example.com;principal
johnwalsh@example.com;principal
sjohnson@example.net;principal
tbarton@example.org;principal
seangreen@example.org;principal
frose@example.net;principal
hensontroy@example.com;principal
zwilliams@example.com;principal
amymccarty@example.org;principal
nstewart@example.org;principal
bairdemma@example.net;principal
leecharlene@example.org;principal
joshua21@example.com;principal
hmarsh@example.com;principal
desireeroth@example.net;principal
darin24@example.org;principal
williamserin@example.net;principal
stacey90@example.net;principal
djoseph@example.net;principal
iwatson@example.org;principal
nicholascarter@example.org;principal
josephmorgan@example.com;principal
morganchristine@example.org;principal
frank94@example.com;principal
woodsjohn@example.org;principal
hayden81@example.com;principal
thouston@example.com;principal
garciaregina@example.com;principal
mary51@example.com;principal
lyonsronald@example.com;principal
jessica22@example.net;principal
odrake@example.org;principal
mortonjames@example.org;principal
cruzcorey@example.net;principal
shane79@example.net;principal
rodneyrichardson@example.com;principal
ryanhoward@example.org;principal
leachshannon@example.net;principal
davidsanders@example.org;principal
shealaura@example.net;principal
danielellis@example.com;principal
danielcarlson@example.com;principal
annelittle@example.com;principal
ushelton@example.com;principal
mreid@example.net;principal
lisa08@example.org;principal
carrie26@example.net;principal
jennifer71@example.org;principal
