fecha;email;resultado;fecha_respuesta;respuesta_servidor
2024-02-25 06:26:09.015872;achang@example.org;POSITIVO;2024-02-25 06:26:09.027188;"Email received successfully"
2024-02-25 06:26:09.027381;tammy76@example.com;NEGATIVO;2024-02-25 06:26:09.037656;"Email received successfully"
2024-02-25 06:26:09.037911;nhoward@example.net;POSITIVO;2024-02-25 06:26:09.048234;"Email received successfully"
2024-02-25 06:26:09.048545;juancampos@example.net;NEGATIVO;2024-02-25 06:26:09.059114;"Email received successfully"
2024-02-25 06:26:09.059328;vanessa89@example.org;POSITIVO;2024-02-25 06:26:09.068113;"Email received successfully"
2024-02-25 06:26:09.068238;corey15@example.com;POSITIVO;2024-02-25 06:26:09.076922;"Email received successfully"
2024-02-25 06:26:09.077129;gomezleslie@example.net;NEGATIVO;2024-02-25 06:26:09.087460;"Email received successfully"
2024-02-25 06:26:09.087653;tammywoods@example.net;POSITIVO;2024-02-25 06:26:09.096010;"Email received successfully"
2024-02-25 06:26:09.096170;bryan80@example.org;POSITIVO;2024-02-25 06:26:09.105380;"Email received successfully"
2024-02-25 06:26:09.105576;ypage@example.net;POSITIVO;2024-02-25 06:26:09.114322;"Email received successfully"
2024-02-25 06:26:09.114560;salazarmaria@example.com;POSITIVO;2024-02-25 06:26:09.123075;"Email received successfully"
2024-02-25 06:26:09.123304;jessicapadilla@example.org;POSITIVO;2024-02-25 06:26:09.132362;"Email received successfully"
2024-02-25 06:26:09.132594;sallywalker@example.org;POSITIVO;2024-02-25 06:26:09.140615;"Email received successfully"
2024-02-25 06:26:09.140766;udavis@example.net;POSITIVO;2024-02-25 06:26:09.150563;"Email received successfully"
2024-02-25 06:26:09.150738;jrodriguez@example.com;POSITIVO;2024-02-25 06:26:09.159011;"Email received successfully"
2024-02-25 06:26:09.159222;kelleylisa@example.net;NEGATIVO;2024-02-25 06:26:09.168072;"Email received successfully"
2024-02-25 06:26:09.168263;tamaramorrison@example.net;POSITIVO;2024-02-25 06:26:09.176126;"Email received successfully"
2024-02-25 06:26:09.176264;sean96@example.com;POSITIVO;2024-02-25 06:26:09.185320;"Email received successfully"
2024-02-25 06:26:09.185587;kellylopez@example.org;POSITIVO;2024-02-25 06:26:09.194569;"Email received successfully"
2024-02-25 06:26:09.194774;salazardiane@example.com;POSITIVO;2024-02-25 06:26:09.205052;"Email received successfully"
2024-02-25 06:26:09.205362;daviskatherine@example.org;POSITIVO;2024-02-25 06:26:09.215314;"Email received successfully"
2024-02-25 06:26:09.215555;kirbyrachael@example.net;NEGATIVO;2024-02-25 06:26:09.224535;"Email received successfully"
2024-02-25 06:26:09.224810;hmassey@example.com;POSITIVO;2024-02-25 06:26:09.233927;"Email received successfully"
2024-02-25 06:26:09.234179;melissajacobson@example.net;POSITIVO;2024-02-25 06:26:09.245595;"Email received successfully"
2024-02-25 06:26:09.245742;criley@example.com;POSITIVO;2024-02-25 06:26:09.254221;"Email received successfully"
2024-02-25 06:26:09.254393;christopher91@example.com;POSITIVO;2024-02-25 06:26:09.265523;"Email received successfully"
2024-02-25 06:26:09.265719;megan30@example.net;POSITIVO;2024-02-25 06:26:09.277668;"Email received successfully"
2024-02-25 06:26:09.277913;dave35@example.org;POSITIVO;2024-02-25 06:26:09.291288;"Email received successfully"
2024-02-25 06:26:09.291635;ronald01@example.org;POSITIVO;2024-02-25 06:26:09.309303;"Email received successfully"
2024-02-25 06:26:09.309630;brandonberry@example.net;POSITIVO;2024-02-25 06:26:09.334681;"Email received successfully"
2024-02-25 06:26:09.335049;johnsoncynthia@example.net;POSITIVO;2024-02-25 06:26:09.347345;"Email received successfully"
2024-02-25 06:26:09.347733;myersmitchell@example.org;POSITIVO;2024-02-25 06:26:09.359178;"Email received successfully"
2024-02-25 06:26:09.359546;jacobsjames@example.org;POSITIVO;2024-02-25 06:26:09.371413;"Email received successfully"
2024-02-25 06:26:09.371746;mendozajessica@example.org;POSITIVO;2024-02-25 06:26:09.382473;"Email received successfully"
2024-02-25 06:26:09.382761;stephenschristine@example.com;POSITIVO;2024-02-25 06:26:09.392592;"Email received successfully"
2024-02-25 06:26:09.392974;walkerdeborah@example.com;POSITIVO;2024-02-25 06:26:09.403148;"Email received successfully"
2024-02-25 06:26:09.403389;gwhite@example.com;POSITIVO;2024-02-25 06:26:09.412334;"Email received successfully"
2024-02-25 06:26:09.412517;carlsonholly@example.com;POSITIVO;2024-02-25 06:26:09.420691;"Email received successfully"
2024-02-25 06:26:09.420878;jorgestrong@example.com;POSITIVO;2024-02-25 06:26:09.430671;"Email received successfully"
2024-02-25 06:26:09.430947;heidiharris@example.org;POSITIVO;2024-02-25 06:26:09.440225;"Email received successfully"
2024-02-25 06:26:09.440557;meganpeterson@example.com;POSITIVO;2024-02-25 06:26:09.449760;"Email received successfully"
2024-02-25 06:26:09.449984;carlsonscott@example.org;POSITIVO;2024-02-25 06:26:09.459143;"Email received successfully"
2024-02-25 06:26:09.459388;ruizrobert@example.net;NEGATIVO;2024-02-25 06:26:09.467678;"Email received successfully"
2024-02-25 06:26:09.467805;deborah64@example.org;POSITIVO;2024-02-25 06:26:09.476256;"Email received successfully"
2024-02-25 06:26:09.476475;ellischristian@example.net;POSITIVO;2024-02-25 06:26:09.483946;"Email received successfully"
2024-02-25 06:26:09.484121;stephensdennis@example.com;POSITIVO;2024-02-25 06:26:09.492450;"Email received successfully"
2024-02-25 06:26:09.492575;chelsea59@example.net;POSITIVO;2024-02-25 06:26:09.500535;"Email received successfully"
2024-02-25 06:26:09.500762;jenniferhughes@example.com;POSITIVO;2024-02-25 06:26:09.509852;"Email received successfully"
2024-02-25 06:26:09.510075;smithjames@example.com;POSITIVO;2024-02-25 06:26:09.519033;"Email received successfully"
2024-02-25 06:26:09.519247;johnwalsh@example.com;POSITIVO;2024-02-25 06:26:09.527941;"Email received successfully"
2024-02-25 06:26:09.528089;sjohnson@example.net;POSITIVO;2024-02-25 06:26:09.536527;"Email received successfully"
2024-02-25 06:26:09.536702;tbarton@example.org;POSITIVO;2024-02-25 06:26:09.545449;"Email received successfully"
2024-02-25 06:26:09.545679;seangreen@example.org;POSITIVO;2024-02-25 06:26:09.554243;"Email received successfully"
2024-02-25 06:26:09.554430;frose@example.net;POSITIVO;2024-02-25 06:26:09.563064;"Email received successfully"
2024-02-25 06:26:09.563261;hensontroy@example.com;POSITIVO;2024-02-25 06:26:09.571733;"Email received successfully"
2024-02-25 06:26:09.571942;zwilliams@example.com;POSITIVO;2024-02-25 06:26:09.581266;"Email received successfully"
2024-02-25 06:26:09.581489;amymccarty@example.org;POSITIVO;2024-02-25 06:26:09.590475;"Email received successfully"
2024-02-25 06:26:09.590794;valeriemorales@example.net;NEGATIVO;2024-02-25 06:26:09.602133;"Email received successfully"
2024-02-25 06:26:09.602378;nstewart@example.org;POSITIVO;2024-02-25 06:26:09.613053;"Email received successfully"
2024-02-25 06:26:09.613368;bairdemma@example.net;POSITIVO;2024-02-25 06:26:09.623436;"Email received successfully"
2024-02-25 06:26:09.623750;leecharlene@example.org;POSITIVO;2024-02-25 06:26:09.633052;"Email received successfully"
2024-02-25 06:26:09.633205;joshua21@example.com;POSITIVO;2024-02-25 06:26:09.643240;"Email received successfully"
2024-02-25 06:26:09.643534;bburton@example.com;NEGATIVO;2024-02-25 06:26:09.653067;"Email received successfully"
2024-02-25 06:26:09.653262;hmarsh@example.com;POSITIVO;2024-02-25 06:26:09.663028;"Email received successfully"
2024-02-25 06:26:09.663313;desireeroth@example.net;POSITIVO;2024-02-25 06:26:09.671668;"Email received successfully"
2024-02-25 06:26:09.671824;darin24@example.org;POSITIVO;2024-02-25 06:26:09.682030;"Email received successfully"
2024-02-25 06:26:09.682255;williamserin@example.net;POSITIVO;2024-02-25 06:26:09.690781;"Email received successfully"
2024-02-25 06:26:09.690975;stacey90@example.net;POSITIVO;2024-02-25 06:26:09.699408;"Email received successfully"
2024-02-25 06:26:09.699664;djoseph@example.net;POSITIVO;2024-02-25 06:26:09.708711;"Email received successfully"
2024-02-25 06:26:09.708905;iwatson@example.org;POSITIVO;2024-02-25 06:26:09.717450;"Email received successfully"
2024-02-25 06:26:09.717652;nicholascarter@example.org;POSITIVO;2024-02-25 06:26:09.726620;"Email received successfully"
2024-02-25 06:26:09.726819;josephmorgan@example.com;POSITIVO;2024-02-25 06:26:09.734544;"Email received successfully"
2024-02-25 06:26:09.734809;morganchristine@example.org;POSITIVO;2024-02-25 06:26:09.743783;"Email received successfully"
2024-02-25 06:26:09.743905;frank94@example.com;POSITIVO;2024-02-25 06:26:09.752298;"Email received successfully"
2024-02-25 06:26:09.752486;ihays@example.com;NEGATIVO;2024-02-25 06:26:09.761858;"Email received successfully"
2024-02-25 06:26:09.762142;woodsjohn@example.org;POSITIVO;2024-02-25 06:26:09.770166;"Email received successfully"
2024-02-25 06:26:09.770325;hayden81@example.com;POSITIVO;2024-02-25 06:26:09.779018;"Email received successfully"
2024-02-25 06:26:09.779177;thouston@example.com;POSITIVO;2024-02-25 06:26:09.788163;"Email received successfully"
2024-02-25 06:26:09.788412;garciaregina@example.com;POSITIVO;2024-02-25 06:26:09.797347;"Email received successfully"
2024-02-25 06:26:09.797508;mary51@example.com;POSITIVO;2024-02-25 06:26:09.806022;"Email received successfully"
2024-02-25 06:26:09.806303;lyonsronald@example.com;POSITIVO;2024-02-25 06:26:09.815448;"Email received successfully"
2024-02-25 06:26:09.815609;jessica22@example.net;POSITIVO;2024-02-25 06:26:09.823862;"Email received successfully"
2024-02-25 06:26:09.824075;odrake@example.org;POSITIVO;2024-02-25 06:26:09.832472;"Email received successfully"
2024-02-25 06:26:09.832801;mortonjames@example.org;POSITIVO;2024-02-25 06:26:09.841642;"Email received successfully"
2024-02-25 06:26:09.841940;cruzcorey@example.net;POSITIVO;2024-02-25 06:26:09.850468;"Email received successfully"
2024-02-25 06:26:09.850705;shane79@example.net;POSITIVO;2024-02-25 06:26:09.860118;"Email received successfully"
2024-02-25 06:26:09.860330;rodneyrichardson@example.com;POSITIVO;2024-02-25 06:26:09.869149;"Email received successfully"
2024-02-25 06:26:09.869345;ryanhoward@example.org;POSITIVO;2024-02-25 06:26:09.878006;"Email received successfully"
2024-02-25 06:26:09.878227;leachshannon@example.net;POSITIVO;2024-02-25 06:26:09.887149;"Email received successfully"
2024-02-25 06:26:09.887380;davidsanders@example.org;POSITIVO;2024-02-25 06:26:09.896392;"Email received successfully"
2024-02-25 06:26:09.896690;shealaura@example.net;POSITIVO;2024-02-25 06:26:09.906452;"Email received successfully"
2024-02-25 06:26:09.906635;danielellis@example.com;POSITIVO;2024-02-25 06:26:09.916911;"Email received successfully"
2024-02-25 06:26:09.917148;danielcarlson@example.com;POSITIVO;2024-02-25 06:26:09.926104;"Email received successfully"
2024-02-25 06:26:09.926277;annelittle@example.com;POSITIVO;2024-02-25 06:26:09.934714;"Email received successfully"
2024-02-25 06:26:09.934949;ushelton@example.com;POSITIVO;2024-02-25 06:26:09.943819;"Email received successfully"
2024-02-25 06:26:09.944016;mreid@example.net;POSITIVO;2024-02-25 06:26:09.952241;"Email received successfully"
2024-02-25 06:26:09.952483;alecthornton@example.net;NEGATIVO;2024-02-25 06:26:09.961340;"Email received successfully"
2024-02-25 06:26:09.961467;lisa08@example.org;POSITIVO;2024-02-25 06:26:09.969468;"Email received successfully"
2024-02-25 06:26:09.969642;carrie26@example.net;POSITIVO;2024-02-25 06:26:09.978961;"Email received successfully"
2024-02-25 06:26:09.979095;jennifer71@example.org;POSITIVO;2024-02-25 06:26:09.987254;"Email received successfully"
